,accuracy,n_estimators,max_features,max_depth,criterion,n_jobs
0,0.7094363791631084,823,0.75,98.0,entropy,-1
1,0.7109308283518361,980,0.55,45.0,entropy,-1
2,0.7049530315969257,543,0.75,96.0,entropy,-1
3,0.71199829205807,654,0.9,99.0,entropy,-1
4,0.7077284372331341,613,0.6,71.0,gini,-1
5,0.7045260461144321,518,0.6,36.0,entropy,-1
6,0.6981212638770282,386,0.65,40.0,entropy,-1
7,0.6925704526046115,370,0.7,30.0,gini,-1
8,0.6821093082835183,180,0.75,5.0,entropy,-1
9,0.6981212638770282,756,0.7,51.0,entropy,-1
10,0.695132365499573,443,0.7,85.0,gini,-1
11,0.6996157130657558,765,0.55,42.0,gini,-1
12,0.7160546541417592,537,0.8,61.0,entropy,-1
13,0.7083689154568744,378,0.5,58.0,entropy,-1
14,0.6979077711357814,104,0.75,32.0,entropy,-1
15,0.7090093936806149,383,0.7,33.0,entropy,-1
16,0.6949188727583262,138,0.8,49.0,gini,-1
17,0.7096498719043552,575,0.5,22.0,gini,-1
18,0.7060204953031597,919,0.65,59.0,gini,-1
19,0.7013236549957301,946,0.8,80.0,gini,-1
20,0.6966268146883006,902,0.9,40.0,entropy,-1
21,0.7017506404782238,720,0.9,48.0,entropy,-1
22,0.71199829205807,539,0.85,91.0,gini,-1
23,0.6927839453458582,267,0.75,75.0,gini,-1
24,0.7085824081981212,971,0.65,60.0,gini,-1
25,0.7058070025619129,644,0.6,94.0,gini,-1
26,0.6897950469684031,938,0.8,7.0,entropy,-1
27,0.7094363791631084,292,0.7,94.0,entropy,-1
28,0.7008966695132366,633,0.65,88.0,gini,-1
29,0.7149871904355252,699,0.55,14.0,entropy,-1
30,0.7049530315969257,478,0.5,92.0,gini,-1
31,0.7087959009393681,962,0.65,97.0,gini,-1
32,0.7038855678906917,626,0.85,66.0,entropy,-1
33,0.7023911187019641,918,0.85,87.0,gini,-1
34,0.691929974380871,152,0.8,61.0,gini,-1
35,0.702604611443211,542,0.65,95.0,entropy,-1
36,0.7013236549957301,565,0.6,62.0,entropy,-1
37,0.7083689154568744,473,0.65,83.0,entropy,-1
38,0.6932109308283518,426,0.55,30.0,gini,-1
39,0.7058070025619129,853,0.75,83.0,entropy,-1
40,0.7070879590093937,776,0.55,66.0,entropy,-1
41,0.6983347566182749,169,0.65,72.0,gini,-1
42,0.7032450896669513,412,0.95,19.0,gini,-1
43,0.7098633646456021,633,0.65,68.0,entropy,-1
44,0.7040990606319385,770,0.8,15.0,gini,-1
45,0.7117847993168233,831,0.55,89.0,gini,-1
46,0.7098633646456021,317,0.6,17.0,entropy,-1
47,0.6994022203245089,228,0.8,30.0,entropy,-1
48,0.705593509820666,430,0.95,93.0,entropy,-1
49,0.6923569598633647,700,0.6,96.0,entropy,-1
50,0.701537147736977,425,0.85,88.0,gini,-1
51,0.7051665243381725,422,0.7,31.0,gini,-1
52,0.7060204953031597,701,0.5,24.0,gini,-1
53,0.7049530315969257,753,0.5,31.0,entropy,-1
54,0.7137062339880444,972,0.6,25.0,entropy,-1
55,0.7092228864218617,767,0.75,24.0,gini,-1
56,0.6953458582408198,868,0.6,23.0,entropy,-1
57,0.7019641332194705,671,0.85,70.0,gini,-1
58,0.702604611443211,801,0.65,72.0,entropy,-1
59,0.6883005977796754,384,0.85,5.0,entropy,-1
60,0.7073014517506405,952,0.9,86.0,entropy,-1
61,0.7047395388556789,760,0.9,63.0,entropy,-1
62,0.7013236549957301,136,0.75,71.0,gini,-1
63,0.6998292058070026,756,0.8,75.0,gini,-1
64,0.7045260461144321,692,0.5,90.0,entropy,-1
65,0.7034585824081981,336,0.95,77.0,entropy,-1
66,0.6964133219470539,58,0.75,79.0,entropy,-1
67,0.7043125533731853,894,0.7,98.0,entropy,-1
68,0.7043125533731853,797,0.85,78.0,gini,-1
69,0.6925704526046115,683,0.8,95.0,gini,-1
70,0.7115713065755764,624,0.75,87.0,gini,-1
71,0.6936379163108455,52,0.8,60.0,entropy,-1
72,0.6900085397096499,327,0.7,97.0,entropy,-1
73,0.6908625106746371,64,0.5,8.0,entropy,-1
74,0.702604611443211,772,0.75,31.0,gini,-1
75,0.696199829205807,461,0.6,89.0,gini,-1
76,0.6979077711357814,576,0.85,30.0,entropy,-1
77,0.697267292912041,729,0.6,10.0,gini,-1
78,0.7049530315969257,192,0.65,36.0,gini,-1
79,0.7030315969257045,466,0.55,90.0,entropy,-1
80,0.6532877882152007,909,0.8,3.0,entropy,-1
81,0.7028181041844578,867,0.55,71.0,gini,-1
82,0.7006831767719898,373,0.55,49.0,gini,-1
83,0.7068744662681469,779,0.5,68.0,entropy,-1
84,0.7000426985482494,315,0.9,64.0,entropy,-1
85,0.7053800170794193,715,0.5,26.0,gini,-1
86,0.702604611443211,522,0.75,76.0,gini,-1
87,0.7034585824081981,125,0.75,21.0,gini,-1
88,0.7105038428693424,495,0.9,35.0,entropy,-1
89,0.7028181041844578,498,0.6,20.0,entropy,-1
90,0.705593509820666,624,0.95,51.0,entropy,-1
91,0.6966268146883006,43,0.85,67.0,entropy,-1
92,0.697267292912041,294,0.55,9.0,entropy,-1
93,0.6991887275832621,961,0.9,55.0,entropy,-1
94,0.702604611443211,272,0.8,26.0,gini,-1
95,0.6994022203245089,943,0.65,42.0,gini,-1
96,0.696199829205807,169,0.55,66.0,gini,-1
97,0.7047395388556789,969,0.9,22.0,gini,-1
98,0.6838172502134927,348,0.8,5.0,entropy,-1
99,0.6998292058070026,190,0.55,24.0,entropy,-1
100,0.6483774551665243,871,0.65,1.0,entropy,-1
101,0.6481639624252775,77,0.8,2.0,entropy,-1
102,0.7002561912894961,585,0.65,42.0,gini,-1
103,0.6970538001707942,857,0.9,25.0,entropy,-1
104,0.6927839453458582,123,0.85,59.0,gini,-1
105,0.7011101622544833,746,0.8,61.0,gini,-1
106,0.7064474807856533,827,0.6,38.0,entropy,-1
107,0.695132365499573,127,0.9,39.0,entropy,-1
108,0.6983347566182749,776,0.95,69.0,gini,-1
109,0.6968403074295474,355,0.5,21.0,gini,-1
110,0.703672075149445,956,0.6,61.0,entropy,-1
111,0.6991887275832621,438,0.5,28.0,gini,-1
112,0.7030315969257045,487,0.7,22.0,gini,-1
113,0.7043125533731853,919,0.8,33.0,gini,-1
114,0.7096498719043552,421,0.95,50.0,gini,-1
115,0.6915029888983775,132,0.8,6.0,entropy,-1
116,0.7017506404782238,749,0.8,25.0,entropy,-1
117,0.7137062339880444,305,0.65,78.0,entropy,-1
118,0.701537147736977,110,0.5,16.0,gini,-1
119,0.6912894961571306,225,0.95,63.0,gini,-1
120,0.7028181041844578,369,0.55,17.0,entropy,-1
121,0.7019641332194705,904,0.85,38.0,entropy,-1
122,0.700469684030743,108,0.75,13.0,gini,-1
123,0.7077284372331341,960,0.9,61.0,entropy,-1
124,0.7040990606319385,739,0.55,17.0,entropy,-1
125,0.6528608027327071,980,0.9,2.0,gini,-1
126,0.7049530315969257,203,0.6,26.0,gini,-1
127,0.6987617421007686,642,0.65,65.0,gini,-1
128,0.6994022203245089,964,0.8,70.0,entropy,-1
129,0.7043125533731853,982,0.85,79.0,gini,-1
130,0.6968403074295474,534,0.8,73.0,gini,-1
131,0.7032450896669513,341,0.85,61.0,gini,-1
132,0.7030315969257045,570,0.95,15.0,gini,-1
133,0.696199829205807,691,0.7,14.0,entropy,-1
134,0.7081554227156277,605,0.7,36.0,gini,-1
135,0.6855251921434671,85,0.9,45.0,gini,-1
136,0.7128522630230573,778,0.75,93.0,gini,-1
137,0.7013236549957301,825,0.9,59.0,entropy,-1
138,0.697267292912041,115,0.95,30.0,entropy,-1
139,0.7064474807856533,634,0.5,84.0,gini,-1
140,0.7011101622544833,490,0.75,49.0,gini,-1
141,0.7079419299743809,156,0.55,40.0,entropy,-1
142,0.7013236549957301,777,0.5,53.0,gini,-1
143,0.6996157130657558,74,0.75,90.0,gini,-1
144,0.7030315969257045,799,0.6,55.0,gini,-1
145,0.7011101622544833,405,0.75,23.0,entropy,-1
146,0.694064901793339,109,0.85,31.0,entropy,-1
147,0.6976942783945346,600,0.7,62.0,entropy,-1
148,0.7073014517506405,240,0.65,84.0,entropy,-1
149,0.7011101622544833,162,0.6,31.0,entropy,-1
150,0.6983347566182749,845,0.6,48.0,gini,-1
151,0.6991887275832621,183,0.9,74.0,gini,-1
152,0.7000426985482494,760,0.85,30.0,entropy,-1
153,0.6949188727583262,184,0.7,8.0,gini,-1
154,0.7122117847993168,532,0.9,97.0,gini,-1
155,0.7032450896669513,250,0.8,90.0,gini,-1
156,0.6966268146883006,467,0.55,78.0,gini,-1
157,0.7051665243381725,949,0.7,57.0,entropy,-1
158,0.6759180187873612,725,0.85,4.0,entropy,-1
159,0.7043125533731853,913,0.7,99.0,entropy,-1
160,0.703672075149445,124,0.8,62.0,entropy,-1
161,0.7066609735269,335,0.8,47.0,gini,-1
162,0.6891545687446626,622,0.65,6.0,gini,-1
163,0.7030315969257045,487,0.5,24.0,gini,-1
164,0.7143467122117848,957,0.55,99.0,gini,-1
165,0.7021776259607173,853,0.75,36.0,entropy,-1
166,0.6934244235695987,580,0.9,87.0,gini,-1
167,0.7008966695132366,818,0.75,24.0,gini,-1
168,0.6902220324508966,385,0.75,57.0,gini,-1
169,0.6904355251921435,166,0.95,50.0,gini,-1
170,0.7034585824081981,598,0.7,47.0,gini,-1
171,0.6983347566182749,775,0.55,31.0,entropy,-1
172,0.701537147736977,292,0.7,9.0,gini,-1
173,0.7062339880444065,847,0.6,59.0,entropy,-1
174,0.7094363791631084,803,0.9,38.0,gini,-1
175,0.7139197267292912,837,0.75,47.0,gini,-1
176,0.7051665243381725,885,0.85,37.0,entropy,-1
177,0.6927839453458582,913,0.9,67.0,gini,-1
178,0.7083689154568744,716,0.5,44.0,entropy,-1
179,0.7073014517506405,524,0.7,34.0,entropy,-1
180,0.7040990606319385,371,0.95,73.0,entropy,-1
181,0.7013236549957301,631,0.6,33.0,gini,-1
182,0.697267292912041,223,0.7,50.0,entropy,-1
183,0.7117847993168233,828,0.7,23.0,entropy,-1
184,0.700469684030743,225,0.85,88.0,entropy,-1
185,0.6966268146883006,206,0.55,44.0,gini,-1
186,0.6861656703672075,22,0.6,52.0,gini,-1
187,0.660333048676345,282,0.7,3.0,gini,-1
188,0.6942783945345858,74,0.5,37.0,gini,-1
189,0.7023911187019641,51,0.65,63.0,entropy,-1
190,0.6994022203245089,697,0.95,85.0,entropy,-1
191,0.6998292058070026,61,0.85,36.0,gini,-1
192,0.6887275832621691,934,0.95,5.0,gini,-1
193,0.7013236549957301,667,0.6,34.0,entropy,-1
194,0.6976942783945346,180,0.65,17.0,gini,-1
195,0.701537147736977,749,0.8,6.0,gini,-1
196,0.7075149444918872,764,0.85,35.0,gini,-1
197,0.705593509820666,669,0.8,14.0,entropy,-1
198,0.7064474807856533,452,0.8,27.0,gini,-1
199,0.7021776259607173,460,0.7,11.0,entropy,-1
200,0.7073014517506405,99,0.6,87.0,entropy,-1
201,0.702604611443211,276,0.75,20.0,entropy,-1
202,0.6976942783945346,526,0.75,8.0,gini,-1
203,0.6947053800170794,208,0.95,40.0,entropy,-1
204,0.7017506404782238,456,0.65,25.0,gini,-1
205,0.6915029888983775,885,0.85,45.0,entropy,-1
206,0.7085824081981212,120,0.55,84.0,gini,-1
207,0.6906490179333903,995,0.65,6.0,gini,-1
208,0.6537147736976943,748,0.7,3.0,entropy,-1
209,0.697267292912041,127,0.55,93.0,gini,-1
210,0.6968403074295474,451,0.95,57.0,entropy,-1
211,0.7102903501280956,348,0.75,36.0,entropy,-1
212,0.6994022203245089,473,0.85,30.0,entropy,-1
213,0.6637489325362937,97,0.8,3.0,gini,-1
214,0.7096498719043552,260,0.9,75.0,gini,-1
215,0.7092228864218617,603,0.9,12.0,entropy,-1
216,0.7062339880444065,971,0.5,42.0,gini,-1
217,0.7040990606319385,734,0.8,26.0,gini,-1
218,0.6979077711357814,824,0.75,12.0,entropy,-1
219,0.6953458582408198,98,0.95,28.0,gini,-1
220,0.7062339880444065,66,0.8,13.0,gini,-1
221,0.7038855678906917,570,0.8,95.0,gini,-1
222,0.6983347566182749,721,0.6,30.0,entropy,-1
223,0.7100768573868489,90,0.8,85.0,entropy,-1
224,0.7100768573868489,234,0.8,53.0,entropy,-1
225,0.7066609735269,565,0.65,88.0,entropy,-1
226,0.6987617421007686,215,0.85,78.0,entropy,-1
227,0.6983347566182749,85,0.85,10.0,entropy,-1
228,0.6934244235695987,745,0.9,5.0,gini,-1
229,0.6983347566182749,561,0.5,69.0,gini,-1
230,0.7032450896669513,233,0.65,13.0,gini,-1
231,0.6981212638770282,42,0.95,73.0,entropy,-1
232,0.701537147736977,59,0.75,87.0,entropy,-1
233,0.6900085397096499,747,0.95,41.0,entropy,-1
234,0.6994022203245089,208,0.8,77.0,entropy,-1
235,0.7040990606319385,285,0.8,37.0,entropy,-1
236,0.6994022203245089,887,0.8,96.0,gini,-1
237,0.694064901793339,327,0.8,17.0,entropy,-1
238,0.6953458582408198,411,0.55,48.0,gini,-1
239,0.7038855678906917,737,0.9,75.0,gini,-1
240,0.6838172502134927,680,0.8,26.0,entropy,-1
241,0.6870196413321947,60,0.5,47.0,entropy,-1
242,0.7011101622544833,955,0.5,76.0,gini,-1
243,0.6964133219470539,114,0.65,38.0,entropy,-1
244,0.6953458582408198,96,0.5,90.0,entropy,-1
245,0.7008966695132366,766,0.85,27.0,entropy,-1
246,0.6611870196413322,354,0.55,3.0,entropy,-1
247,0.7111443210930828,326,0.55,46.0,entropy,-1
248,0.6955593509820666,997,0.95,78.0,gini,-1
249,0.7008966695132366,471,0.75,61.0,gini,-1
250,0.7111443210930828,359,0.9,81.0,entropy,-1
251,0.7002561912894961,981,0.9,87.0,entropy,-1
252,0.7060204953031597,805,0.65,79.0,gini,-1
253,0.7023911187019641,571,0.95,84.0,entropy,-1
254,0.7075149444918872,446,0.7,88.0,entropy,-1
255,0.697267292912041,829,0.75,94.0,entropy,-1
256,0.6989752348420154,170,0.65,64.0,gini,-1
257,0.7073014517506405,789,0.75,78.0,gini,-1
258,0.6891545687446626,167,0.6,33.0,gini,-1
259,0.7068744662681469,504,0.85,97.0,entropy,-1
260,0.7000426985482494,87,0.85,90.0,entropy,-1
261,0.705593509820666,391,0.85,84.0,gini,-1
262,0.7064474807856533,72,0.75,65.0,gini,-1
263,0.6925704526046115,166,0.75,17.0,entropy,-1
264,0.7090093936806149,210,0.55,81.0,entropy,-1
265,0.6897950469684031,599,0.65,6.0,entropy,-1
266,0.6599060631938514,233,0.75,3.0,entropy,-1
267,0.700469684030743,328,0.9,90.0,gini,-1
268,0.7028181041844578,373,0.6,22.0,entropy,-1
269,0.6417591801878736,972,0.6,1.0,entropy,-1
270,0.705593509820666,686,0.8,64.0,gini,-1
271,0.6938514090520922,163,0.9,8.0,gini,-1
272,0.6904355251921435,852,0.6,79.0,gini,-1
273,0.7090093936806149,805,0.8,21.0,entropy,-1
274,0.6923569598633647,134,0.55,68.0,entropy,-1
275,0.7047395388556789,496,0.7,28.0,gini,-1
276,0.67399658411614,696,0.65,4.0,entropy,-1
277,0.7075149444918872,334,0.9,20.0,entropy,-1
278,0.6622544833475662,996,0.5,1.0,gini,-1
279,0.6902220324508966,744,0.7,39.0,entropy,-1
280,0.6944918872758327,894,0.6,88.0,entropy,-1
281,0.7102903501280956,761,0.9,78.0,entropy,-1
282,0.7073014517506405,236,0.8,94.0,entropy,-1
283,0.6985482493595218,76,0.85,13.0,entropy,-1
284,0.6906490179333903,958,0.65,30.0,entropy,-1
285,0.6994022203245089,969,0.95,44.0,gini,-1
286,0.701537147736977,545,0.9,76.0,gini,-1
287,0.6994022203245089,277,0.65,42.0,gini,-1
288,0.7017506404782238,168,0.55,46.0,entropy,-1
289,0.6923569598633647,141,0.75,49.0,entropy,-1
290,0.7038855678906917,869,0.8,32.0,entropy,-1
291,0.64666951323655,342,0.6,1.0,entropy,-1
292,0.7068744662681469,197,0.95,12.0,entropy,-1
293,0.7085824081981212,481,0.5,18.0,entropy,-1
294,0.7077284372331341,514,0.5,54.0,entropy,-1
295,0.6989752348420154,668,0.9,39.0,gini,-1
296,0.6968403074295474,49,0.75,45.0,entropy,-1
297,0.7011101622544833,333,0.9,31.0,gini,-1
298,0.6959863364645602,658,0.85,85.0,entropy,-1
299,0.7032450896669513,640,0.65,96.0,gini,-1
300,0.7034585824081981,889,0.55,10.0,gini,-1
301,0.694064901793339,457,0.7,6.0,gini,-1
302,0.697267292912041,243,0.75,96.0,gini,-1
303,0.6902220324508966,76,0.95,21.0,entropy,-1
304,0.7017506404782238,674,0.9,88.0,gini,-1
305,0.6955593509820666,402,0.9,71.0,gini,-1
306,0.7100768573868489,364,0.95,99.0,gini,-1
307,0.7017506404782238,115,0.75,41.0,gini,-1
308,0.6994022203245089,262,0.85,58.0,entropy,-1
309,0.7047395388556789,489,0.65,29.0,entropy,-1
310,0.703672075149445,735,0.7,38.0,gini,-1
311,0.7049530315969257,572,0.55,73.0,entropy,-1
312,0.703672075149445,430,0.75,29.0,entropy,-1
313,0.7117847993168233,619,0.7,77.0,gini,-1
314,0.6996157130657558,188,0.75,49.0,gini,-1
315,0.7117847993168233,757,0.85,42.0,entropy,-1
316,0.7060204953031597,527,0.75,51.0,gini,-1
317,0.6530742954739539,16,0.7,2.0,gini,-1
318,0.7053800170794193,552,0.95,28.0,gini,-1
319,0.7023911187019641,401,0.85,72.0,entropy,-1
320,0.7019641332194705,397,0.75,53.0,gini,-1
321,0.7090093936806149,806,0.5,91.0,entropy,-1
322,0.6966268146883006,584,0.75,85.0,entropy,-1
323,0.6923569598633647,62,0.7,53.0,gini,-1
324,0.6893680614859095,729,0.85,69.0,entropy,-1
325,0.7038855678906917,375,0.85,43.0,gini,-1
326,0.7000426985482494,331,0.65,28.0,gini,-1
327,0.7034585824081981,233,0.8,28.0,entropy,-1
328,0.7032450896669513,167,0.5,85.0,entropy,-1
329,0.7019641332194705,393,0.95,33.0,gini,-1
330,0.703672075149445,881,0.75,88.0,entropy,-1
331,0.703672075149445,596,0.5,63.0,gini,-1
332,0.7023911187019641,726,0.75,11.0,entropy,-1
333,0.7030315969257045,288,0.5,61.0,entropy,-1
334,0.7023911187019641,87,0.75,20.0,entropy,-1
335,0.7211784799316823,973,0.65,87.0,gini,-1
336,0.702604611443211,729,0.6,59.0,entropy,-1
337,0.7081554227156277,595,0.65,79.0,gini,-1
338,0.7049530315969257,998,0.55,38.0,entropy,-1
339,0.6934244235695987,25,0.95,38.0,entropy,-1
340,0.6900085397096499,710,0.8,90.0,gini,-1
341,0.6985482493595218,264,0.55,49.0,gini,-1
342,0.6859521776259607,772,0.85,28.0,gini,-1
343,0.6861656703672075,135,0.5,5.0,gini,-1
344,0.7000426985482494,660,0.65,23.0,entropy,-1
345,0.695132365499573,863,0.6,7.0,gini,-1
346,0.7034585824081981,79,0.6,84.0,gini,-1
347,0.6917164816396243,959,0.9,5.0,entropy,-1
348,0.7043125533731853,931,0.6,14.0,gini,-1
349,0.7090093936806149,649,0.8,49.0,entropy,-1
350,0.7098633646456021,893,0.8,14.0,entropy,-1
351,0.6695132365499573,771,0.65,4.0,entropy,-1
352,0.702604611443211,389,0.7,59.0,entropy,-1
353,0.7092228864218617,619,0.65,68.0,gini,-1
354,0.6979077711357814,365,0.8,40.0,entropy,-1
355,0.7075149444918872,317,0.9,97.0,entropy,-1
356,0.7038855678906917,145,0.95,10.0,gini,-1
357,0.7013236549957301,815,0.85,23.0,gini,-1
358,0.7053800170794193,945,0.55,70.0,entropy,-1
359,0.7079419299743809,626,0.9,92.0,gini,-1
360,0.7040990606319385,427,0.5,29.0,gini,-1
361,0.7058070025619129,710,0.85,45.0,entropy,-1
362,0.6998292058070026,466,0.95,32.0,gini,-1
363,0.7075149444918872,574,0.95,36.0,gini,-1
364,0.7000426985482494,125,0.8,12.0,entropy,-1
365,0.6979077711357814,908,0.6,6.0,entropy,-1
366,0.7034585824081981,801,0.7,86.0,entropy,-1
367,0.7062339880444065,978,0.95,89.0,entropy,-1
368,0.705593509820666,818,0.55,12.0,entropy,-1
369,0.6957728437233134,451,0.65,54.0,gini,-1
370,0.7043125533731853,845,0.6,53.0,entropy,-1
371,0.6994022203245089,359,0.6,23.0,gini,-1
372,0.692997438087105,712,0.5,9.0,entropy,-1
373,0.7043125533731853,685,0.5,35.0,entropy,-1
374,0.7045260461144321,568,0.65,61.0,entropy,-1
375,0.7034585824081981,767,0.65,20.0,entropy,-1
376,0.6994022203245089,689,0.95,53.0,entropy,-1
377,0.701537147736977,787,0.95,91.0,entropy,-1
378,0.7092228864218617,551,0.85,35.0,gini,-1
379,0.7051665243381725,298,0.95,17.0,entropy,-1
380,0.705593509820666,290,0.85,49.0,entropy,-1
381,0.7077284372331341,895,0.85,20.0,gini,-1
382,0.7028181041844578,819,0.75,98.0,entropy,-1
383,0.701537147736977,379,0.95,78.0,entropy,-1
384,0.6959863364645602,797,0.6,40.0,gini,-1
385,0.7068744662681469,791,0.85,13.0,gini,-1
386,0.7008966695132366,550,0.75,85.0,gini,-1
387,0.701537147736977,749,0.65,71.0,entropy,-1
388,0.700469684030743,673,0.6,58.0,gini,-1
389,0.6996157130657558,366,0.6,95.0,entropy,-1
390,0.7109308283518361,824,0.65,38.0,entropy,-1
391,0.7064474807856533,982,0.8,96.0,gini,-1
392,0.7000426985482494,103,0.55,75.0,entropy,-1
393,0.6981212638770282,998,0.9,37.0,gini,-1
394,0.6974807856532877,129,0.6,62.0,gini,-1
395,0.7115713065755764,590,0.8,89.0,entropy,-1
396,0.7038855678906917,411,0.65,90.0,gini,-1
397,0.6970538001707942,958,0.55,81.0,gini,-1
398,0.7040990606319385,197,0.8,33.0,gini,-1
399,0.7126387702818104,397,0.75,83.0,entropy,-1
400,0.7011101622544833,919,0.65,42.0,entropy,-1
401,0.7062339880444065,738,0.75,53.0,gini,-1
402,0.6964133219470539,407,0.95,84.0,entropy,-1
403,0.7023911187019641,251,0.55,77.0,gini,-1
404,0.7028181041844578,352,0.65,36.0,entropy,-1
405,0.7085824081981212,950,0.95,54.0,gini,-1
406,0.7077284372331341,407,0.75,53.0,entropy,-1
407,0.6936379163108455,582,0.8,11.0,gini,-1
408,0.7028181041844578,189,0.6,93.0,entropy,-1
409,0.6944918872758327,754,0.55,92.0,entropy,-1
410,0.6996157130657558,194,0.7,73.0,entropy,-1
411,0.7109308283518361,631,0.65,59.0,gini,-1
412,0.6917164816396243,250,0.7,4.0,entropy,-1
413,0.7107173356105893,334,0.75,76.0,gini,-1
414,0.7032450896669513,633,0.9,35.0,gini,-1
415,0.6979077711357814,126,0.55,12.0,gini,-1
416,0.7013236549957301,95,0.8,85.0,gini,-1
417,0.7158411614005123,267,0.85,41.0,entropy,-1
418,0.7115713065755764,380,0.55,43.0,entropy,-1
419,0.7017506404782238,463,0.65,89.0,entropy,-1
420,0.6968403074295474,142,0.95,36.0,gini,-1
421,0.6883005977796754,21,0.75,91.0,entropy,-1
422,0.6989752348420154,330,0.9,86.0,gini,-1
423,0.7113578138343296,535,0.6,60.0,gini,-1
424,0.6979077711357814,395,0.65,64.0,gini,-1
425,0.7058070025619129,840,0.9,87.0,entropy,-1
426,0.6964133219470539,944,0.7,35.0,gini,-1
427,0.7113578138343296,408,0.65,36.0,gini,-1
428,0.7053800170794193,949,0.75,73.0,gini,-1
429,0.71199829205807,702,0.5,88.0,entropy,-1
430,0.6998292058070026,251,0.65,57.0,gini,-1
431,0.702604611443211,930,0.9,24.0,gini,-1
432,0.7077284372331341,999,0.6,94.0,gini,-1
433,0.648804440649018,523,0.65,2.0,gini,-1
434,0.7066609735269,259,0.7,33.0,entropy,-1
435,0.6944918872758327,803,0.7,17.0,gini,-1
436,0.6889410760034159,859,0.65,6.0,entropy,-1
437,0.6970538001707942,73,0.75,26.0,entropy,-1
438,0.7070879590093937,728,0.5,28.0,entropy,-1
439,0.6942783945345858,152,0.5,29.0,gini,-1
440,0.6994022203245089,385,0.85,62.0,entropy,-1
441,0.6966268146883006,716,0.75,27.0,entropy,-1
442,0.7073014517506405,704,0.85,61.0,entropy,-1
443,0.6974807856532877,177,0.5,71.0,entropy,-1
444,0.6947053800170794,847,0.75,69.0,gini,-1
445,0.6823228010247652,842,0.75,4.0,entropy,-1
446,0.703672075149445,642,0.6,45.0,gini,-1
447,0.7060204953031597,287,0.7,30.0,gini,-1
448,0.6996157130657558,579,0.95,55.0,gini,-1
449,0.6953458582408198,273,0.95,64.0,entropy,-1
450,0.7094363791631084,715,0.9,57.0,gini,-1
451,0.7023911187019641,283,0.65,64.0,gini,-1
452,0.71199829205807,391,0.65,84.0,gini,-1
453,0.7043125533731853,938,0.95,63.0,gini,-1
454,0.701537147736977,307,0.8,17.0,entropy,-1
455,0.6957728437233134,236,0.8,66.0,gini,-1
456,0.7045260461144321,870,0.75,49.0,gini,-1
457,0.692997438087105,893,0.95,20.0,entropy,-1
458,0.6979077711357814,155,0.9,22.0,gini,-1
459,0.6874466268146883,21,0.7,25.0,entropy,-1
460,0.6910760034158838,562,0.65,98.0,gini,-1
461,0.7098633646456021,85,0.75,18.0,entropy,-1
462,0.7019641332194705,849,0.5,63.0,entropy,-1
463,0.7040990606319385,806,0.65,76.0,entropy,-1
464,0.705593509820666,662,0.7,68.0,entropy,-1
465,0.6985482493595218,635,0.5,43.0,gini,-1
466,0.7047395388556789,473,0.65,62.0,entropy,-1
467,0.6989752348420154,639,0.8,8.0,entropy,-1
468,0.7017506404782238,801,0.9,22.0,gini,-1
469,0.7060204953031597,378,0.65,61.0,entropy,-1
470,0.7122117847993168,950,0.5,44.0,gini,-1
471,0.6968403074295474,540,0.9,13.0,entropy,-1
472,0.7087959009393681,113,0.7,84.0,entropy,-1
473,0.6953458582408198,205,0.6,56.0,entropy,-1
474,0.7017506404782238,206,0.9,82.0,gini,-1
475,0.6998292058070026,141,0.6,38.0,entropy,-1
476,0.7083689154568744,950,0.95,70.0,gini,-1
477,0.6985482493595218,764,0.55,61.0,gini,-1
478,0.7047395388556789,381,0.7,54.0,gini,-1
479,0.6955593509820666,950,0.7,15.0,gini,-1
480,0.6968403074295474,628,0.95,95.0,entropy,-1
481,0.7008966695132366,394,0.55,97.0,gini,-1
482,0.7008966695132366,630,0.75,24.0,gini,-1
483,0.6902220324508966,843,0.75,4.0,entropy,-1
484,0.6953458582408198,318,0.95,43.0,entropy,-1
485,0.7051665243381725,774,0.5,42.0,entropy,-1
486,0.6994022203245089,437,0.55,37.0,gini,-1
487,0.7077284372331341,601,0.9,80.0,gini,-1
488,0.6925704526046115,522,0.95,26.0,gini,-1
489,0.7098633646456021,858,0.75,80.0,entropy,-1
490,0.6996157130657558,392,0.7,75.0,gini,-1
491,0.7083689154568744,541,0.65,99.0,gini,-1
492,0.7058070025619129,845,0.65,54.0,gini,-1
493,0.6964133219470539,54,0.95,26.0,entropy,-1
494,0.7013236549957301,85,0.85,81.0,entropy,-1
495,0.7062339880444065,793,0.95,67.0,gini,-1
496,0.7105038428693424,483,0.9,45.0,gini,-1
497,0.7083689154568744,924,0.5,52.0,gini,-1
498,0.6908625106746371,264,0.95,32.0,gini,-1
499,0.7068744662681469,553,0.6,52.0,gini,-1
500,0.692997438087105,523,0.9,38.0,entropy,-1
501,0.7028181041844578,504,0.7,73.0,gini,-1
502,0.6631084543125534,969,0.65,3.0,gini,-1
503,0.6970538001707942,394,0.85,93.0,entropy,-1
504,0.695132365499573,685,0.75,20.0,gini,-1
505,0.7092228864218617,839,0.95,15.0,gini,-1
506,0.6996157130657558,129,0.85,68.0,entropy,-1
507,0.703672075149445,155,0.95,96.0,gini,-1
508,0.7017506404782238,762,0.7,63.0,gini,-1
509,0.696199829205807,403,0.85,49.0,entropy,-1
510,0.6590520922288642,216,0.5,3.0,gini,-1
511,0.71199829205807,973,0.8,10.0,entropy,-1
512,0.7070879590093937,521,0.75,31.0,entropy,-1
513,0.6953458582408198,638,0.9,66.0,entropy,-1
514,0.6921434671221178,79,0.9,92.0,gini,-1
515,0.7068744662681469,448,0.7,21.0,entropy,-1
516,0.6925704526046115,141,0.65,45.0,entropy,-1
517,0.6976942783945346,876,0.8,76.0,entropy,-1
518,0.7083689154568744,821,0.85,91.0,entropy,-1
519,0.6936379163108455,431,0.6,70.0,entropy,-1
520,0.702604611443211,945,0.55,24.0,gini,-1
521,0.7040990606319385,965,0.8,93.0,gini,-1
522,0.7038855678906917,636,0.75,47.0,entropy,-1
523,0.6889410760034159,766,0.55,86.0,gini,-1
524,0.6970538001707942,635,0.8,53.0,gini,-1
525,0.7030315969257045,779,0.65,68.0,gini,-1
526,0.7045260461144321,436,0.9,9.0,entropy,-1
527,0.6970538001707942,441,0.65,95.0,entropy,-1
528,0.7032450896669513,756,0.5,6.0,gini,-1
529,0.7096498719043552,829,0.75,43.0,entropy,-1
530,0.6861656703672075,87,0.9,18.0,entropy,-1
531,0.6947053800170794,108,0.9,5.0,entropy,-1
532,0.7038855678906917,118,0.6,84.0,entropy,-1
533,0.6991887275832621,781,0.7,84.0,gini,-1
534,0.6878736122971819,385,0.65,57.0,gini,-1
535,0.703672075149445,614,0.95,36.0,gini,-1
536,0.7132792485055508,629,0.55,79.0,entropy,-1
537,0.642399658411614,349,0.85,2.0,gini,-1
538,0.7107173356105893,134,0.6,53.0,gini,-1
539,0.7070879590093937,55,0.55,28.0,entropy,-1
540,0.6944918872758327,75,0.65,84.0,gini,-1
541,0.6985482493595218,292,0.7,19.0,entropy,-1
542,0.71199829205807,909,0.9,40.0,entropy,-1
543,0.7034585824081981,439,0.75,79.0,entropy,-1
544,0.7008966695132366,976,0.9,54.0,gini,-1
545,0.7008966695132366,732,0.95,71.0,gini,-1
546,0.7079419299743809,568,0.9,80.0,gini,-1
547,0.6994022203245089,516,0.85,48.0,gini,-1
548,0.7013236549957301,964,0.75,43.0,gini,-1
549,0.6983347566182749,80,0.8,14.0,gini,-1
550,0.7051665243381725,443,0.6,15.0,entropy,-1
551,0.6611870196413322,653,0.65,3.0,gini,-1
552,0.7002561912894961,427,0.65,12.0,entropy,-1
553,0.7013236549957301,451,0.85,37.0,entropy,-1
554,0.6953458582408198,896,0.8,16.0,gini,-1
555,0.7049530315969257,448,0.55,64.0,entropy,-1
556,0.6959863364645602,55,0.75,15.0,gini,-1
557,0.6976942783945346,251,0.6,27.0,gini,-1
558,0.7109308283518361,743,0.8,27.0,entropy,-1
559,0.7083689154568744,880,0.7,50.0,gini,-1
560,0.695132365499573,802,0.6,79.0,gini,-1
561,0.6983347566182749,270,0.55,34.0,entropy,-1
562,0.7019641332194705,401,0.55,28.0,entropy,-1
563,0.7043125533731853,202,0.7,76.0,entropy,-1
564,0.7096498719043552,281,0.6,24.0,entropy,-1
565,0.7038855678906917,535,0.7,70.0,gini,-1
566,0.7177625960717335,961,0.6,81.0,entropy,-1
567,0.7019641332194705,838,0.95,11.0,entropy,-1
568,0.6981212638770282,375,0.85,47.0,gini,-1
569,0.701537147736977,788,0.9,55.0,gini,-1
570,0.703672075149445,991,0.6,76.0,gini,-1
571,0.7132792485055508,635,0.55,47.0,entropy,-1
572,0.7049530315969257,724,0.55,84.0,entropy,-1
573,0.7109308283518361,559,0.95,96.0,gini,-1
574,0.7066609735269,594,0.65,41.0,gini,-1
575,0.6626814688300597,888,0.7,3.0,gini,-1
576,0.7032450896669513,915,0.7,18.0,gini,-1
577,0.7000426985482494,755,0.6,71.0,entropy,-1
578,0.64666951323655,752,0.85,2.0,gini,-1
579,0.7053800170794193,725,0.65,9.0,gini,-1
580,0.6966268146883006,450,0.5,88.0,entropy,-1
581,0.7053800170794193,207,0.85,26.0,gini,-1
582,0.6996157130657558,885,0.7,75.0,gini,-1
583,0.701537147736977,330,0.9,97.0,gini,-1
584,0.6994022203245089,601,0.9,67.0,gini,-1
585,0.6921434671221178,263,0.95,40.0,entropy,-1
586,0.7023911187019641,518,0.65,16.0,gini,-1
587,0.7002561912894961,601,0.6,11.0,gini,-1
588,0.6998292058070026,199,0.85,20.0,entropy,-1
589,0.7047395388556789,180,0.65,25.0,entropy,-1
590,0.7023911187019641,179,0.9,42.0,gini,-1
591,0.7013236549957301,908,0.55,66.0,entropy,-1
592,0.7030315969257045,449,0.6,21.0,gini,-1
593,0.7092228864218617,646,0.5,,gini,-1
594,0.7169086251067464,303,0.9,28.0,entropy,-1
595,0.6979077711357814,836,0.5,30.0,gini,-1
596,0.7094363791631084,671,0.5,63.0,gini,-1
597,0.6957728437233134,679,0.5,71.0,gini,-1
598,0.7043125533731853,448,0.8,72.0,gini,-1
599,0.6964133219470539,332,0.55,44.0,entropy,-1
600,0.6983347566182749,613,0.9,94.0,gini,-1
601,0.7028181041844578,954,0.95,92.0,gini,-1
602,0.691929974380871,167,0.75,26.0,gini,-1
603,0.7034585824081981,251,0.9,13.0,entropy,-1
604,0.713065755764304,322,0.55,31.0,entropy,-1
605,0.692997438087105,98,0.85,32.0,gini,-1
606,0.701537147736977,855,0.6,55.0,entropy,-1
607,0.6968403074295474,281,0.65,89.0,gini,-1
608,0.6970538001707942,70,0.85,40.0,gini,-1
609,0.7045260461144321,932,0.9,27.0,gini,-1
610,0.6944918872758327,966,0.6,57.0,gini,-1
611,0.6996157130657558,947,0.7,67.0,entropy,-1
612,0.7068744662681469,669,0.55,72.0,gini,-1
613,0.702604611443211,228,0.7,64.0,gini,-1
614,0.6968403074295474,849,0.55,34.0,entropy,-1
615,0.6953458582408198,671,0.8,17.0,gini,-1
616,0.670794192997438,352,0.8,3.0,gini,-1
617,0.702604611443211,74,0.55,26.0,entropy,-1
618,0.6953458582408198,354,0.75,78.0,gini,-1
619,0.7115713065755764,426,0.8,41.0,gini,-1
620,0.7092228864218617,949,0.55,,entropy,-1
621,0.7068744662681469,318,0.65,54.0,entropy,-1
622,0.7028181041844578,541,0.55,20.0,gini,-1
623,0.694064901793339,99,0.65,44.0,gini,-1
624,0.6989752348420154,763,0.65,38.0,gini,-1
625,0.7000426985482494,612,0.7,43.0,entropy,-1
626,0.6981212638770282,935,0.6,77.0,entropy,-1
627,0.7047395388556789,606,0.85,84.0,entropy,-1
628,0.7043125533731853,298,0.95,49.0,gini,-1
629,0.6985482493595218,521,0.8,27.0,entropy,-1
630,0.7049530315969257,444,0.7,28.0,entropy,-1
631,0.7038855678906917,194,0.95,50.0,entropy,-1
632,0.6947053800170794,386,0.55,30.0,gini,-1
633,0.6979077711357814,772,0.7,87.0,gini,-1
634,0.7040990606319385,275,0.55,74.0,entropy,-1
635,0.7169086251067464,670,0.7,52.0,entropy,-1
636,0.7000426985482494,784,0.95,79.0,gini,-1
637,0.7045260461144321,894,0.75,31.0,entropy,-1
638,0.701537147736977,586,0.5,72.0,gini,-1
639,0.7030315969257045,377,0.85,43.0,entropy,-1
640,0.7134927412467976,687,0.75,93.0,gini,-1
641,0.7000426985482494,217,0.9,35.0,gini,-1
642,0.7053800170794193,267,0.65,11.0,gini,-1
643,0.6547822374039283,241,0.65,3.0,entropy,-1
644,0.7060204953031597,833,0.85,28.0,gini,-1
645,0.7124252775405636,244,0.7,97.0,entropy,-1
646,0.700469684030743,781,0.9,97.0,entropy,-1
647,0.702604611443211,740,0.7,81.0,gini,-1
648,0.7145602049530316,863,0.65,33.0,gini,-1
649,0.6897950469684031,78,0.65,75.0,entropy,-1
650,0.6991887275832621,375,0.75,41.0,entropy,-1
651,0.6883005977796754,210,0.65,4.0,gini,-1
652,0.7045260461144321,805,0.8,45.0,gini,-1
653,0.7045260461144321,120,0.5,29.0,entropy,-1
654,0.657130657557643,945,0.6,3.0,entropy,-1
655,0.6921434671221178,116,0.9,84.0,gini,-1
656,0.7111443210930828,617,0.85,40.0,gini,-1
657,0.6970538001707942,297,0.85,49.0,gini,-1
658,0.6840307429547395,55,0.9,22.0,gini,-1
659,0.6936379163108455,373,0.55,71.0,entropy,-1
660,0.701537147736977,513,0.9,33.0,gini,-1
661,0.7137062339880444,390,0.55,47.0,gini,-1
662,0.7079419299743809,689,0.5,75.0,gini,-1
663,0.7060204953031597,656,0.5,47.0,gini,-1
664,0.7096498719043552,683,0.7,41.0,gini,-1
665,0.7079419299743809,583,0.7,10.0,entropy,-1
666,0.7090093936806149,140,0.8,74.0,gini,-1
667,0.7032450896669513,142,0.5,91.0,gini,-1
668,0.6938514090520922,477,0.9,54.0,entropy,-1
669,0.7094363791631084,929,0.5,13.0,entropy,-1
670,0.7154141759180188,861,0.75,81.0,gini,-1
671,0.7066609735269,817,0.8,67.0,entropy,-1
672,0.6996157130657558,815,0.95,51.0,gini,-1
673,0.7019641332194705,274,0.5,60.0,gini,-1
674,0.7051665243381725,369,0.65,14.0,gini,-1
675,0.6964133219470539,124,0.5,92.0,entropy,-1
676,0.6998292058070026,816,0.6,87.0,entropy,-1
677,0.6970538001707942,475,0.65,52.0,gini,-1
678,0.6893680614859095,576,0.9,94.0,entropy,-1
679,0.7090093936806149,467,0.7,50.0,gini,-1
680,0.7083689154568744,794,0.8,85.0,gini,-1
681,0.6953458582408198,900,0.65,43.0,gini,-1
682,0.6947053800170794,44,0.55,16.0,gini,-1
683,0.705593509820666,443,0.8,87.0,gini,-1
684,0.7075149444918872,407,0.7,32.0,gini,-1
685,0.7021776259607173,526,0.6,78.0,gini,-1
686,0.7115713065755764,350,0.75,54.0,gini,-1
687,0.7077284372331341,538,0.6,62.0,entropy,-1
688,0.6936379163108455,196,0.9,66.0,gini,-1
689,0.700469684030743,561,0.75,48.0,entropy,-1
690,0.705593509820666,302,0.9,22.0,gini,-1
691,0.6543552519214346,799,0.6,2.0,gini,-1
692,0.7047395388556789,759,0.7,39.0,gini,-1
693,0.7017506404782238,584,0.95,37.0,gini,-1
694,0.7038855678906917,563,0.75,,gini,-1
695,0.7011101622544833,952,0.95,80.0,entropy,-1
696,0.6979077711357814,451,0.8,8.0,entropy,-1
697,0.7075149444918872,468,0.85,8.0,gini,-1
698,0.7090093936806149,107,0.8,50.0,gini,-1
699,0.7060204953031597,239,0.85,69.0,gini,-1
700,0.6535012809564474,15,0.95,1.0,gini,-1
701,0.6895815542271563,333,0.85,7.0,entropy,-1
702,0.6976942783945346,672,0.5,15.0,entropy,-1
703,0.702604611443211,158,0.85,69.0,entropy,-1
704,0.6991887275832621,792,0.6,46.0,gini,-1
705,0.7017506404782238,512,0.75,67.0,entropy,-1
706,0.7008966695132366,127,0.7,59.0,entropy,-1
707,0.6966268146883006,447,0.95,49.0,entropy,-1
708,0.6989752348420154,395,0.8,42.0,gini,-1
709,0.7092228864218617,960,0.9,43.0,entropy,-1
710,0.7045260461144321,628,0.75,80.0,entropy,-1
711,0.6667378309137489,872,0.95,3.0,gini,-1
712,0.7013236549957301,66,0.55,23.0,gini,-1
713,0.7040990606319385,571,0.95,11.0,gini,-1
714,0.7017506404782238,251,0.5,93.0,gini,-1
715,0.7107173356105893,767,0.75,46.0,entropy,-1
716,0.7017506404782238,169,0.7,61.0,gini,-1
717,0.6964133219470539,765,0.9,61.0,gini,-1
718,0.7058070025619129,168,0.7,69.0,entropy,-1
719,0.6874466268146883,92,0.9,97.0,gini,-1
720,0.6942783945345858,50,0.6,99.0,entropy,-1
721,0.7107173356105893,548,0.55,81.0,gini,-1
722,0.7077284372331341,616,0.65,70.0,entropy,-1
723,0.6897950469684031,33,0.55,76.0,entropy,-1
724,0.6955593509820666,575,0.85,39.0,gini,-1
725,0.7094363791631084,538,0.75,89.0,gini,-1
726,0.6936379163108455,560,0.65,14.0,gini,-1
727,0.7028181041844578,967,0.5,27.0,entropy,-1
728,0.6996157130657558,954,0.7,58.0,gini,-1
729,0.7100768573868489,305,0.65,11.0,entropy,-1
730,0.7028181041844578,199,0.6,89.0,gini,-1
731,0.6979077711357814,74,0.6,85.0,entropy,-1
732,0.6646029035012809,927,0.8,3.0,gini,-1
733,0.7105038428693424,168,0.55,22.0,entropy,-1
734,0.7090093936806149,375,0.55,68.0,entropy,-1
735,0.7047395388556789,793,0.95,87.0,entropy,-1
736,0.7017506404782238,121,0.6,61.0,entropy,-1
737,0.6955593509820666,256,0.65,72.0,gini,-1
738,0.7034585824081981,876,0.6,33.0,entropy,-1
739,0.697267292912041,314,0.65,61.0,entropy,-1
740,0.7008966695132366,874,0.9,83.0,entropy,-1
741,0.6994022203245089,932,0.95,19.0,gini,-1
742,0.6878736122971819,72,0.7,57.0,entropy,-1
743,0.6970538001707942,659,0.55,60.0,gini,-1
744,0.7062339880444065,238,0.8,19.0,entropy,-1
745,0.7051665243381725,292,0.5,50.0,entropy,-1
746,0.6964133219470539,275,0.8,34.0,gini,-1
747,0.6880871050384287,401,0.5,11.0,entropy,-1
748,0.7085824081981212,851,0.65,58.0,gini,-1
749,0.6900085397096499,118,0.75,39.0,gini,-1
750,0.7058070025619129,385,0.7,77.0,gini,-1
751,0.7028181041844578,263,0.95,81.0,gini,-1
752,0.7034585824081981,427,0.8,52.0,entropy,-1
753,0.7053800170794193,844,0.55,31.0,entropy,-1
754,0.7002561912894961,622,0.8,53.0,gini,-1
755,0.7085824081981212,729,0.7,43.0,entropy,-1
756,0.6991887275832621,656,0.8,97.0,entropy,-1
757,0.7070879590093937,807,0.55,76.0,gini,-1
758,0.7111443210930828,508,0.55,51.0,entropy,-1
759,0.6949188727583262,332,0.65,76.0,entropy,-1
760,0.6983347566182749,560,0.95,9.0,gini,-1
761,0.7011101622544833,905,0.5,41.0,gini,-1
762,0.7006831767719898,41,0.75,39.0,entropy,-1
763,0.6938514090520922,592,0.9,9.0,gini,-1
764,0.7066609735269,310,0.6,70.0,gini,-1
765,0.7083689154568744,489,0.7,35.0,gini,-1
766,0.7109308283518361,616,0.75,39.0,entropy,-1
767,0.7075149444918872,647,0.5,36.0,entropy,-1
768,0.7043125533731853,694,0.9,32.0,entropy,-1
769,0.6974807856532877,132,0.95,21.0,gini,-1
770,0.6983347566182749,87,0.65,25.0,gini,-1
771,0.7021776259607173,704,0.65,96.0,entropy,-1
772,0.6996157130657558,911,0.95,23.0,gini,-1
773,0.705593509820666,313,0.7,51.0,entropy,-1
774,0.7145602049530316,646,0.9,15.0,entropy,-1
775,0.6885140905209223,400,0.85,8.0,entropy,-1
776,0.7068744662681469,319,0.6,69.0,entropy,-1
777,0.6432536293766012,242,0.6,1.0,entropy,-1
778,0.7047395388556789,126,0.75,72.0,entropy,-1
779,0.6968403074295474,956,0.65,86.0,gini,-1
780,0.7073014517506405,129,0.75,73.0,entropy,-1
781,0.7049530315969257,561,0.9,8.0,gini,-1
782,0.6942783945345858,483,0.8,52.0,gini,-1
783,0.703672075149445,413,0.9,98.0,gini,-1
784,0.7139197267292912,216,0.5,88.0,gini,-1
785,0.700469684030743,515,0.65,32.0,entropy,-1
786,0.6953458582408198,359,0.85,60.0,entropy,-1
787,0.7096498719043552,987,0.75,95.0,gini,-1
788,0.7077284372331341,214,0.55,40.0,entropy,-1
789,0.7083689154568744,716,0.8,57.0,gini,-1
790,0.6949188727583262,75,0.7,43.0,gini,-1
791,0.7045260461144321,926,0.85,36.0,entropy,-1
792,0.6994022203245089,62,0.7,78.0,gini,-1
793,0.7006831767719898,326,0.65,80.0,gini,-1
794,0.697267292912041,895,0.7,71.0,gini,-1
795,0.702604611443211,709,0.8,32.0,gini,-1
796,0.6618274978650726,667,0.5,3.0,entropy,-1
797,0.6827497865072587,62,0.65,5.0,entropy,-1
798,0.6987617421007686,804,0.75,74.0,gini,-1
799,0.6970538001707942,178,0.7,93.0,gini,-1
800,0.7019641332194705,415,0.8,55.0,entropy,-1
801,0.7021776259607173,984,0.55,36.0,gini,-1
802,0.7098633646456021,718,0.55,57.0,entropy,-1
803,0.7006831767719898,862,0.5,12.0,gini,-1
804,0.6520068317677199,559,0.6,1.0,entropy,-1
805,0.6994022203245089,504,0.95,11.0,gini,-1
806,0.6904355251921435,491,0.5,32.0,entropy,-1
807,0.7032450896669513,882,0.75,91.0,entropy,-1
808,0.6981212638770282,760,0.5,57.0,gini,-1
809,0.7068744662681469,289,0.5,17.0,entropy,-1
810,0.6974807856532877,641,0.8,30.0,gini,-1
811,0.6885140905209223,25,0.55,30.0,entropy,-1
812,0.701537147736977,539,0.8,85.0,gini,-1
813,0.6998292058070026,607,0.5,44.0,gini,-1
814,0.7060204953031597,965,0.65,80.0,gini,-1
815,0.6829632792485055,21,0.8,36.0,entropy,-1
816,0.6601195559350982,505,0.85,3.0,entropy,-1
817,0.7008966695132366,269,0.5,51.0,gini,-1
818,0.6868061485909479,19,0.95,23.0,entropy,-1
819,0.7068744662681469,119,0.7,68.0,entropy,-1
820,0.6953458582408198,388,0.8,24.0,entropy,-1
821,0.6496584116140052,908,0.55,2.0,entropy,-1
822,0.6955593509820666,348,0.85,35.0,entropy,-1
823,0.7008966695132366,865,0.7,56.0,gini,-1
824,0.7109308283518361,643,0.5,79.0,entropy,-1
825,0.6989752348420154,536,0.55,46.0,gini,-1
826,0.7017506404782238,634,0.95,54.0,entropy,-1
827,0.7051665243381725,243,0.95,33.0,entropy,-1
828,0.7092228864218617,838,0.7,43.0,gini,-1
829,0.6921434671221178,307,0.7,32.0,gini,-1
830,0.7064474807856533,72,0.5,90.0,gini,-1
831,0.7021776259607173,739,0.8,63.0,gini,-1
832,0.705593509820666,273,0.9,70.0,gini,-1
833,0.71199829205807,225,0.5,22.0,entropy,-1
834,0.6921434671221178,301,0.95,29.0,gini,-1
835,0.6861656703672075,22,0.9,48.0,entropy,-1
836,0.6953458582408198,199,0.55,79.0,gini,-1
837,0.7109308283518361,916,0.9,68.0,entropy,-1
838,0.7090093936806149,878,0.6,83.0,gini,-1
839,0.7051665243381725,563,0.65,79.0,gini,-1
840,0.7006831767719898,987,0.8,39.0,entropy,-1
841,0.6981212638770282,197,0.6,61.0,entropy,-1
842,0.6917164816396243,523,0.55,7.0,gini,-1
843,0.6983347566182749,198,0.5,27.0,gini,-1
844,0.7008966695132366,176,0.85,80.0,gini,-1
845,0.7075149444918872,766,0.9,99.0,gini,-1
846,0.6981212638770282,181,0.8,31.0,gini,-1
847,0.7102903501280956,959,0.8,67.0,gini,-1
848,0.7107173356105893,783,0.55,31.0,gini,-1
849,0.6983347566182749,303,0.9,45.0,gini,-1
850,0.705593509820666,792,0.6,50.0,gini,-1
851,0.7062339880444065,460,0.9,55.0,entropy,-1
852,0.694064901793339,895,0.9,76.0,entropy,-1
853,0.7038855678906917,262,0.85,36.0,gini,-1
854,0.7070879590093937,600,0.6,48.0,gini,-1
855,0.6942783945345858,389,0.95,79.0,gini,-1
856,0.7064474807856533,717,0.5,39.0,gini,-1
857,0.7045260461144321,782,0.8,41.0,gini,-1
858,0.7070879590093937,216,0.5,90.0,entropy,-1
859,0.6863791631084543,713,0.85,6.0,entropy,-1
860,0.6883005977796754,485,0.9,35.0,gini,-1
861,0.7043125533731853,139,0.8,14.0,gini,-1
862,0.7019641332194705,836,0.85,84.0,gini,-1
863,0.6994022203245089,824,0.7,83.0,entropy,-1
864,0.7115713065755764,236,0.85,24.0,entropy,-1
865,0.7008966695132366,175,0.55,19.0,gini,-1
866,0.7164816396242528,541,0.65,66.0,gini,-1
867,0.6981212638770282,269,0.8,13.0,entropy,-1
868,0.7028181041844578,880,0.7,47.0,gini,-1
869,0.705593509820666,703,0.65,69.0,gini,-1
870,0.6934244235695987,755,0.9,10.0,entropy,-1
871,0.7028181041844578,258,0.7,94.0,entropy,-1
872,0.705593509820666,209,0.85,15.0,gini,-1
873,0.6902220324508966,939,0.85,70.0,entropy,-1
874,0.6925704526046115,28,0.65,7.0,entropy,-1
875,0.7077284372331341,625,0.95,54.0,gini,-1
876,0.7075149444918872,904,0.95,58.0,gini,-1
877,0.697267292912041,829,0.65,95.0,gini,-1
878,0.6921434671221178,769,0.5,89.0,gini,-1
879,0.7111443210930828,646,0.75,44.0,gini,-1
880,0.7006831767719898,808,0.7,19.0,entropy,-1
881,0.6921434671221178,233,0.7,6.0,gini,-1
882,0.6949188727583262,790,0.8,23.0,entropy,-1
883,0.6994022203245089,690,0.8,44.0,entropy,-1
884,0.700469684030743,805,0.85,48.0,entropy,-1
885,0.648804440649018,222,0.6,1.0,entropy,-1
886,0.7017506404782238,539,0.55,11.0,gini,-1
887,0.691929974380871,342,0.7,82.0,gini,-1
888,0.6902220324508966,858,0.55,6.0,gini,-1
889,0.7006831767719898,693,0.6,47.0,entropy,-1
890,0.6923569598633647,190,0.5,35.0,gini,-1
891,0.6983347566182749,964,0.9,60.0,entropy,-1
892,0.7087959009393681,377,0.5,86.0,gini,-1
893,0.6925704526046115,799,0.55,10.0,entropy,-1
894,0.6902220324508966,78,0.6,67.0,entropy,-1
895,0.7083689154568744,655,0.55,55.0,entropy,-1
896,0.6889410760034159,705,0.9,84.0,gini,-1
897,0.7034585824081981,403,0.5,7.0,entropy,-1
898,0.6588385994876175,990,0.6,3.0,gini,-1
899,0.6996157130657558,268,0.95,24.0,gini,-1
900,0.7098633646456021,974,0.9,32.0,gini,-1
901,0.6996157130657558,840,0.9,60.0,gini,-1
902,0.6865926558497011,19,0.5,88.0,entropy,-1
903,0.7030315969257045,693,0.85,36.0,entropy,-1
904,0.697267292912041,335,0.75,48.0,gini,-1
905,0.7075149444918872,182,0.95,76.0,entropy,-1
906,0.7028181041844578,513,0.5,7.0,gini,-1
907,0.703672075149445,601,0.75,58.0,entropy,-1
908,0.7000426985482494,593,0.6,11.0,entropy,-1
909,0.6987617421007686,811,0.8,91.0,entropy,-1
910,0.6759180187873612,61,0.95,4.0,entropy,-1
911,0.6968403074295474,84,0.65,94.0,entropy,-1
912,0.7034585824081981,497,0.85,67.0,entropy,-1
913,0.7000426985482494,291,0.85,29.0,entropy,-1
914,0.6949188727583262,460,0.9,18.0,gini,-1
915,0.7092228864218617,356,0.8,45.0,gini,-1
916,0.7006831767719898,338,0.75,78.0,gini,-1
917,0.7028181041844578,337,0.6,14.0,entropy,-1
918,0.6985482493595218,291,0.95,64.0,entropy,-1
919,0.7207514944491887,604,0.95,46.0,gini,-1
920,0.7047395388556789,548,0.75,41.0,entropy,-1
921,0.7094363791631084,927,0.7,40.0,gini,-1
922,0.7134927412467976,642,0.5,64.0,gini,-1
923,0.6953458582408198,127,0.7,78.0,gini,-1
924,0.6923569598633647,146,0.9,9.0,entropy,-1
925,0.7058070025619129,408,0.8,57.0,gini,-1
926,0.6998292058070026,209,0.7,12.0,entropy,-1
927,0.7077284372331341,228,0.65,12.0,entropy,-1
928,0.6549957301451751,857,0.6,2.0,entropy,-1
929,0.7149871904355252,736,0.7,16.0,entropy,-1
930,0.7045260461144321,213,0.95,72.0,gini,-1
931,0.702604611443211,214,0.9,,entropy,-1
932,0.7090093936806149,476,0.55,17.0,gini,-1
933,0.7062339880444065,303,0.7,85.0,entropy,-1
934,0.6974807856532877,126,0.8,8.0,gini,-1
935,0.7028181041844578,224,0.6,37.0,gini,-1
936,0.7134927412467976,515,0.6,28.0,gini,-1
937,0.7008966695132366,470,0.55,93.0,gini,-1
938,0.7062339880444065,496,0.75,60.0,entropy,-1
939,0.7070879590093937,673,0.8,87.0,entropy,-1
940,0.6949188727583262,309,0.85,60.0,entropy,-1
941,0.6989752348420154,140,0.85,31.0,entropy,-1
942,0.6934244235695987,880,0.5,6.0,gini,-1
943,0.705593509820666,236,0.6,62.0,entropy,-1
944,0.6663108454312553,925,0.5,3.0,gini,-1
945,0.7079419299743809,261,0.65,56.0,gini,-1
946,0.7043125533731853,438,0.8,43.0,gini,-1
947,0.701537147736977,418,0.55,49.0,entropy,-1
948,0.7122117847993168,923,0.55,86.0,gini,-1
949,0.6502988898377455,357,0.5,3.0,entropy,-1
950,0.6953458582408198,160,0.55,45.0,entropy,-1
951,0.7058070025619129,904,0.7,99.0,gini,-1
952,0.6953458582408198,786,0.55,35.0,entropy,-1
953,0.691929974380871,382,0.9,44.0,gini,-1
954,0.6981212638770282,191,0.95,89.0,entropy,-1
955,0.6970538001707942,279,0.95,42.0,entropy,-1
956,0.7060204953031597,109,0.85,30.0,entropy,-1
957,0.6957728437233134,900,0.95,20.0,entropy,-1
958,0.7011101622544833,934,0.95,56.0,gini,-1
959,0.7030315969257045,598,0.9,84.0,entropy,-1
960,0.6900085397096499,503,0.7,18.0,entropy,-1
961,0.7002561912894961,440,0.75,99.0,entropy,-1
962,0.6959863364645602,327,0.7,83.0,gini,-1
963,0.6910760034158838,658,0.8,5.0,gini,-1
964,0.703672075149445,694,0.8,20.0,gini,-1
965,0.695132365499573,910,0.6,9.0,gini,-1
966,0.6925704526046115,109,0.5,57.0,entropy,-1
967,0.7032450896669513,857,0.9,75.0,entropy,-1
968,0.6558497011101623,293,0.7,2.0,entropy,-1
969,0.6979077711357814,771,0.85,16.0,entropy,-1
970,0.7087959009393681,746,0.8,47.0,entropy,-1
971,0.6923569598633647,863,0.8,88.0,gini,-1
972,0.7100768573868489,702,0.5,78.0,gini,-1
973,0.7038855678906917,480,0.55,18.0,entropy,-1
974,0.7045260461144321,796,0.85,43.0,gini,-1
975,0.7047395388556789,629,0.55,46.0,entropy,-1
976,0.7011101622544833,232,0.5,88.0,gini,-1
977,0.7081554227156277,981,0.6,49.0,gini,-1
978,0.7011101622544833,821,0.8,36.0,gini,-1
979,0.702604611443211,232,0.8,21.0,gini,-1
980,0.7066609735269,448,0.75,59.0,gini,-1
981,0.7021776259607173,973,0.55,67.0,gini,-1
982,0.7045260461144321,700,0.6,50.0,entropy,-1
983,0.7064474807856533,903,0.9,20.0,gini,-1
984,0.6637489325362937,256,0.9,3.0,gini,-1
985,0.6925704526046115,810,0.65,97.0,entropy,-1
986,0.7070879590093937,172,0.7,69.0,entropy,-1
987,0.6863791631084543,188,0.65,8.0,gini,-1
988,0.7068744662681469,917,0.7,89.0,gini,-1
989,0.7105038428693424,562,0.8,21.0,entropy,-1
990,0.701537147736977,955,0.95,41.0,entropy,-1
991,0.7081554227156277,551,0.55,12.0,entropy,-1
992,0.7017506404782238,278,0.65,51.0,entropy,-1
993,0.6947053800170794,746,0.9,28.0,gini,-1
994,0.7011101622544833,522,0.6,67.0,entropy,-1
995,0.7040990606319385,416,0.95,41.0,gini,-1
996,0.6996157130657558,284,0.85,23.0,gini,-1
997,0.7077284372331341,949,0.6,54.0,gini,-1
998,0.7023911187019641,527,0.55,72.0,entropy,-1
999,0.7034585824081981,237,0.5,96.0,entropy,-1
